PRAGMA foreign_keys=OFF;
BEGIN TRANSACTION;
CREATE TABLE "django_migrations" ("id" integer NOT NULL PRIMARY KEY AUTOINCREMENT, "app" varchar(255) NOT NULL, "name" varchar(255) NOT NULL, "applied" datetime NOT NULL);
INSERT INTO "django_migrations" VALUES(1,'contenttypes','0001_initial','2015-06-21 12:45:05.239003');
INSERT INTO "django_migrations" VALUES(2,'auth','0001_initial','2015-06-21 12:45:05.652863');
INSERT INTO "django_migrations" VALUES(3,'admin','0001_initial','2015-06-21 12:45:06.021911');
INSERT INTO "django_migrations" VALUES(4,'contenttypes','0002_remove_content_type_name','2015-06-21 12:45:06.436583');
INSERT INTO "django_migrations" VALUES(5,'auth','0002_alter_permission_name_max_length','2015-06-21 12:45:06.806354');
INSERT INTO "django_migrations" VALUES(6,'auth','0003_alter_user_email_max_length','2015-06-21 12:45:07.163934');
INSERT INTO "django_migrations" VALUES(7,'auth','0004_alter_user_username_opts','2015-06-21 12:45:07.533816');
INSERT INTO "django_migrations" VALUES(8,'auth','0005_alter_user_last_login_null','2015-06-21 12:45:07.891943');
INSERT INTO "django_migrations" VALUES(9,'auth','0006_require_contenttypes_0002','2015-06-21 12:45:08.061419');
INSERT INTO "django_migrations" VALUES(10,'sessions','0001_initial','2015-06-21 12:45:08.397427');
INSERT INTO "django_migrations" VALUES(11,'note','0001_initial','2015-06-21 12:46:25.293829');
INSERT INTO "django_migrations" VALUES(12,'note','0002_auto_20150621_1344','2015-06-21 13:45:37.415311');
INSERT INTO "django_migrations" VALUES(13,'note','0003_auto_20150621_1345','2015-06-21 13:45:37.786370');
INSERT INTO "django_migrations" VALUES(14,'note','0004_auto_20150622_0854','2015-06-22 08:54:12.784009');
INSERT INTO "django_migrations" VALUES(15,'authtoken','0001_initial','2015-06-22 12:32:58.396082');
CREATE TABLE "djkombu_queue" ("id" integer NOT NULL PRIMARY KEY AUTOINCREMENT, "name" varchar(200) NOT NULL UNIQUE);
CREATE TABLE "djkombu_message" ("id" integer NOT NULL PRIMARY KEY AUTOINCREMENT, "visible" bool NOT NULL, "sent_at" datetime NULL, "payload" text NOT NULL, "queue_id" integer NOT NULL REFERENCES "djkombu_queue" ("id"));
CREATE TABLE "celery_taskmeta" ("id" integer NOT NULL PRIMARY KEY AUTOINCREMENT, "task_id" varchar(255) NOT NULL UNIQUE, "status" varchar(50) NOT NULL, "result" text NULL, "date_done" datetime NOT NULL, "traceback" text NULL, "hidden" bool NOT NULL, "meta" text NULL);
CREATE TABLE "celery_tasksetmeta" ("id" integer NOT NULL PRIMARY KEY AUTOINCREMENT, "taskset_id" varchar(255) NOT NULL UNIQUE, "result" text NOT NULL, "date_done" datetime NOT NULL, "hidden" bool NOT NULL);
CREATE TABLE "djcelery_intervalschedule" ("id" integer NOT NULL PRIMARY KEY AUTOINCREMENT, "every" integer NOT NULL, "period" varchar(24) NOT NULL);
CREATE TABLE "djcelery_crontabschedule" ("id" integer NOT NULL PRIMARY KEY AUTOINCREMENT, "minute" varchar(64) NOT NULL, "hour" varchar(64) NOT NULL, "day_of_week" varchar(64) NOT NULL, "day_of_month" varchar(64) NOT NULL, "month_of_year" varchar(64) NOT NULL);
CREATE TABLE "djcelery_periodictasks" ("ident" smallint NOT NULL PRIMARY KEY, "last_update" datetime NOT NULL);
CREATE TABLE "djcelery_periodictask" ("id" integer NOT NULL PRIMARY KEY AUTOINCREMENT, "name" varchar(200) NOT NULL UNIQUE, "task" varchar(200) NOT NULL, "interval_id" integer NULL REFERENCES "djcelery_intervalschedule" ("id"), "crontab_id" integer NULL REFERENCES "djcelery_crontabschedule" ("id"), "args" text NOT NULL, "kwargs" text NOT NULL, "queue" varchar(200) NULL, "exchange" varchar(200) NULL, "routing_key" varchar(200) NULL, "expires" datetime NULL, "enabled" bool NOT NULL, "last_run_at" datetime NULL, "total_run_count" integer unsigned NOT NULL, "date_changed" datetime NOT NULL, "description" text NOT NULL);
CREATE TABLE "djcelery_workerstate" ("id" integer NOT NULL PRIMARY KEY AUTOINCREMENT, "hostname" varchar(255) NOT NULL UNIQUE, "last_heartbeat" datetime NULL);
CREATE TABLE "djcelery_taskstate" ("id" integer NOT NULL PRIMARY KEY AUTOINCREMENT, "state" varchar(64) NOT NULL, "task_id" varchar(36) NOT NULL UNIQUE, "name" varchar(200) NULL, "tstamp" datetime NOT NULL, "args" text NULL, "kwargs" text NULL, "eta" datetime NULL, "expires" datetime NULL, "result" text NULL, "traceback" text NULL, "runtime" real NULL, "retries" integer NOT NULL, "worker_id" integer NULL REFERENCES "djcelery_workerstate" ("id"), "hidden" bool NOT NULL);
CREATE TABLE "auth_group" ("id" integer NOT NULL PRIMARY KEY AUTOINCREMENT, "name" varchar(80) NOT NULL UNIQUE);
CREATE TABLE "auth_group_permissions" ("id" integer NOT NULL PRIMARY KEY AUTOINCREMENT, "group_id" integer NOT NULL REFERENCES "auth_group" ("id"), "permission_id" integer NOT NULL REFERENCES "auth_permission" ("id"), UNIQUE ("group_id", "permission_id"));
CREATE TABLE "auth_user_groups" ("id" integer NOT NULL PRIMARY KEY AUTOINCREMENT, "user_id" integer NOT NULL REFERENCES "auth_user" ("id"), "group_id" integer NOT NULL REFERENCES "auth_group" ("id"), UNIQUE ("user_id", "group_id"));
CREATE TABLE "auth_user_user_permissions" ("id" integer NOT NULL PRIMARY KEY AUTOINCREMENT, "user_id" integer NOT NULL REFERENCES "auth_user" ("id"), "permission_id" integer NOT NULL REFERENCES "auth_permission" ("id"), UNIQUE ("user_id", "permission_id"));
CREATE TABLE "django_admin_log" ("id" integer NOT NULL PRIMARY KEY AUTOINCREMENT, "action_time" datetime NOT NULL, "object_id" text NULL, "object_repr" varchar(200) NOT NULL, "action_flag" smallint unsigned NOT NULL, "change_message" text NOT NULL, "content_type_id" integer NULL REFERENCES "django_content_type" ("id"), "user_id" integer NOT NULL REFERENCES "auth_user" ("id"));
INSERT INTO "django_admin_log" VALUES(1,'2015-06-21 13:47:00.747970','1','Home',1,'',17,1);
INSERT INTO "django_admin_log" VALUES(2,'2015-06-21 13:48:18.041543','2','wash',1,'',17,1);
INSERT INTO "django_admin_log" VALUES(3,'2015-06-21 13:56:41.715068','3','clean',1,'',17,1);
INSERT INTO "django_admin_log" VALUES(4,'2015-06-21 17:35:31.813337','2','',3,'',4,1);
INSERT INTO "django_admin_log" VALUES(5,'2015-06-22 09:30:23.638739','4','daria1',3,'',4,1);
INSERT INTO "django_admin_log" VALUES(6,'2015-06-22 09:59:49.077472','1','#ffffff',1,'',18,1);
INSERT INTO "django_admin_log" VALUES(7,'2015-06-22 09:59:59.081242','2','#ffa2a2',1,'',18,1);
INSERT INTO "django_admin_log" VALUES(8,'2015-06-22 10:00:12.745277','3','#fff948',1,'',18,1);
INSERT INTO "django_admin_log" VALUES(9,'2015-06-22 10:00:29.193227','1','#cleantheroom',1,'',19,1);
INSERT INTO "django_admin_log" VALUES(10,'2015-06-22 10:05:09.955530','1','Test: test test',1,'',21,1);
INSERT INTO "django_admin_log" VALUES(11,'2015-06-22 10:15:19.869840','2','Test1: test test',1,'',21,1);
CREATE TABLE "django_content_type" ("id" integer NOT NULL PRIMARY KEY AUTOINCREMENT, "app_label" varchar(100) NOT NULL, "model" varchar(100) NOT NULL, UNIQUE ("app_label", "model"));
INSERT INTO "django_content_type" VALUES(1,'admin','logentry');
INSERT INTO "django_content_type" VALUES(2,'auth','permission');
INSERT INTO "django_content_type" VALUES(3,'auth','group');
INSERT INTO "django_content_type" VALUES(4,'auth','user');
INSERT INTO "django_content_type" VALUES(5,'contenttypes','contenttype');
INSERT INTO "django_content_type" VALUES(6,'sessions','session');
INSERT INTO "django_content_type" VALUES(7,'kombu_transport_django','queue');
INSERT INTO "django_content_type" VALUES(8,'kombu_transport_django','message');
INSERT INTO "django_content_type" VALUES(9,'djcelery','taskmeta');
INSERT INTO "django_content_type" VALUES(10,'djcelery','tasksetmeta');
INSERT INTO "django_content_type" VALUES(11,'djcelery','intervalschedule');
INSERT INTO "django_content_type" VALUES(12,'djcelery','crontabschedule');
INSERT INTO "django_content_type" VALUES(13,'djcelery','periodictasks');
INSERT INTO "django_content_type" VALUES(14,'djcelery','periodictask');
INSERT INTO "django_content_type" VALUES(15,'djcelery','workerstate');
INSERT INTO "django_content_type" VALUES(16,'djcelery','taskstate');
INSERT INTO "django_content_type" VALUES(17,'note','categoriesnotes');
INSERT INTO "django_content_type" VALUES(18,'note','colorsnotes');
INSERT INTO "django_content_type" VALUES(19,'note','labelsnotes');
INSERT INTO "django_content_type" VALUES(20,'note','medianotes');
INSERT INTO "django_content_type" VALUES(21,'note','note');
INSERT INTO "django_content_type" VALUES(22,'page','page');
INSERT INTO "django_content_type" VALUES(23,'medialibrary','category');
INSERT INTO "django_content_type" VALUES(24,'medialibrary','mediafile');
INSERT INTO "django_content_type" VALUES(25,'medialibrary','mediafiletranslation');
INSERT INTO "django_content_type" VALUES(26,'authtoken','token');
CREATE TABLE "auth_permission" ("id" integer NOT NULL PRIMARY KEY AUTOINCREMENT, "content_type_id" integer NOT NULL REFERENCES "django_content_type" ("id"), "codename" varchar(100) NOT NULL, "name" varchar(255) NOT NULL, UNIQUE ("content_type_id", "codename"));
INSERT INTO "auth_permission" VALUES(1,1,'add_logentry','Can add log entry');
INSERT INTO "auth_permission" VALUES(2,1,'change_logentry','Can change log entry');
INSERT INTO "auth_permission" VALUES(3,1,'delete_logentry','Can delete log entry');
INSERT INTO "auth_permission" VALUES(4,2,'add_permission','Can add permission');
INSERT INTO "auth_permission" VALUES(5,2,'change_permission','Can change permission');
INSERT INTO "auth_permission" VALUES(6,2,'delete_permission','Can delete permission');
INSERT INTO "auth_permission" VALUES(7,3,'add_group','Can add group');
INSERT INTO "auth_permission" VALUES(8,3,'change_group','Can change group');
INSERT INTO "auth_permission" VALUES(9,3,'delete_group','Can delete group');
INSERT INTO "auth_permission" VALUES(10,4,'add_user','Can add user');
INSERT INTO "auth_permission" VALUES(11,4,'change_user','Can change user');
INSERT INTO "auth_permission" VALUES(12,4,'delete_user','Can delete user');
INSERT INTO "auth_permission" VALUES(13,5,'add_contenttype','Can add content type');
INSERT INTO "auth_permission" VALUES(14,5,'change_contenttype','Can change content type');
INSERT INTO "auth_permission" VALUES(15,5,'delete_contenttype','Can delete content type');
INSERT INTO "auth_permission" VALUES(16,6,'add_session','Can add session');
INSERT INTO "auth_permission" VALUES(17,6,'change_session','Can change session');
INSERT INTO "auth_permission" VALUES(18,6,'delete_session','Can delete session');
INSERT INTO "auth_permission" VALUES(19,7,'add_queue','Can add queue');
INSERT INTO "auth_permission" VALUES(20,7,'change_queue','Can change queue');
INSERT INTO "auth_permission" VALUES(21,7,'delete_queue','Can delete queue');
INSERT INTO "auth_permission" VALUES(22,8,'add_message','Can add message');
INSERT INTO "auth_permission" VALUES(23,8,'change_message','Can change message');
INSERT INTO "auth_permission" VALUES(24,8,'delete_message','Can delete message');
INSERT INTO "auth_permission" VALUES(25,9,'add_taskmeta','Can add task state');
INSERT INTO "auth_permission" VALUES(26,9,'change_taskmeta','Can change task state');
INSERT INTO "auth_permission" VALUES(27,9,'delete_taskmeta','Can delete task state');
INSERT INTO "auth_permission" VALUES(28,10,'add_tasksetmeta','Can add saved group result');
INSERT INTO "auth_permission" VALUES(29,10,'change_tasksetmeta','Can change saved group result');
INSERT INTO "auth_permission" VALUES(30,10,'delete_tasksetmeta','Can delete saved group result');
INSERT INTO "auth_permission" VALUES(31,11,'add_intervalschedule','Can add interval');
INSERT INTO "auth_permission" VALUES(32,11,'change_intervalschedule','Can change interval');
INSERT INTO "auth_permission" VALUES(33,11,'delete_intervalschedule','Can delete interval');
INSERT INTO "auth_permission" VALUES(34,12,'add_crontabschedule','Can add crontab');
INSERT INTO "auth_permission" VALUES(35,12,'change_crontabschedule','Can change crontab');
INSERT INTO "auth_permission" VALUES(36,12,'delete_crontabschedule','Can delete crontab');
INSERT INTO "auth_permission" VALUES(37,13,'add_periodictasks','Can add periodic tasks');
INSERT INTO "auth_permission" VALUES(38,13,'change_periodictasks','Can change periodic tasks');
INSERT INTO "auth_permission" VALUES(39,13,'delete_periodictasks','Can delete periodic tasks');
INSERT INTO "auth_permission" VALUES(40,14,'add_periodictask','Can add periodic task');
INSERT INTO "auth_permission" VALUES(41,14,'change_periodictask','Can change periodic task');
INSERT INTO "auth_permission" VALUES(42,14,'delete_periodictask','Can delete periodic task');
INSERT INTO "auth_permission" VALUES(43,15,'add_workerstate','Can add worker');
INSERT INTO "auth_permission" VALUES(44,15,'change_workerstate','Can change worker');
INSERT INTO "auth_permission" VALUES(45,15,'delete_workerstate','Can delete worker');
INSERT INTO "auth_permission" VALUES(46,16,'add_taskstate','Can add task');
INSERT INTO "auth_permission" VALUES(47,16,'change_taskstate','Can change task');
INSERT INTO "auth_permission" VALUES(48,16,'delete_taskstate','Can delete task');
INSERT INTO "auth_permission" VALUES(49,17,'add_categoriesnotes','Can add categories notes');
INSERT INTO "auth_permission" VALUES(50,17,'change_categoriesnotes','Can change categories notes');
INSERT INTO "auth_permission" VALUES(51,17,'delete_categoriesnotes','Can delete categories notes');
INSERT INTO "auth_permission" VALUES(52,18,'add_colorsnotes','Can add colors notes');
INSERT INTO "auth_permission" VALUES(53,18,'change_colorsnotes','Can change colors notes');
INSERT INTO "auth_permission" VALUES(54,18,'delete_colorsnotes','Can delete colors notes');
INSERT INTO "auth_permission" VALUES(55,19,'add_labelsnotes','Can add labels notes');
INSERT INTO "auth_permission" VALUES(56,19,'change_labelsnotes','Can change labels notes');
INSERT INTO "auth_permission" VALUES(57,19,'delete_labelsnotes','Can delete labels notes');
INSERT INTO "auth_permission" VALUES(58,20,'add_medianotes','Can add media notes');
INSERT INTO "auth_permission" VALUES(59,20,'change_medianotes','Can change media notes');
INSERT INTO "auth_permission" VALUES(60,20,'delete_medianotes','Can delete media notes');
INSERT INTO "auth_permission" VALUES(61,21,'add_note','Can add note');
INSERT INTO "auth_permission" VALUES(62,21,'change_note','Can change note');
INSERT INTO "auth_permission" VALUES(63,21,'delete_note','Can delete note');
INSERT INTO "auth_permission" VALUES(64,22,'add_page','Can add page');
INSERT INTO "auth_permission" VALUES(65,22,'change_page','Can change page');
INSERT INTO "auth_permission" VALUES(66,22,'delete_page','Can delete page');
INSERT INTO "auth_permission" VALUES(67,23,'add_category','Can add category');
INSERT INTO "auth_permission" VALUES(68,23,'change_category','Can change category');
INSERT INTO "auth_permission" VALUES(69,23,'delete_category','Can delete category');
INSERT INTO "auth_permission" VALUES(70,24,'add_mediafile','Can add media file');
INSERT INTO "auth_permission" VALUES(71,24,'change_mediafile','Can change media file');
INSERT INTO "auth_permission" VALUES(72,24,'delete_mediafile','Can delete media file');
INSERT INTO "auth_permission" VALUES(73,25,'add_mediafiletranslation','Can add media file translation');
INSERT INTO "auth_permission" VALUES(74,25,'change_mediafiletranslation','Can change media file translation');
INSERT INTO "auth_permission" VALUES(75,25,'delete_mediafiletranslation','Can delete media file translation');
INSERT INTO "auth_permission" VALUES(76,26,'add_token','Can add token');
INSERT INTO "auth_permission" VALUES(77,26,'change_token','Can change token');
INSERT INTO "auth_permission" VALUES(78,26,'delete_token','Can delete token');
CREATE TABLE "auth_user" ("id" integer NOT NULL PRIMARY KEY AUTOINCREMENT, "password" varchar(128) NOT NULL, "is_superuser" bool NOT NULL, "username" varchar(30) NOT NULL UNIQUE, "first_name" varchar(30) NOT NULL, "last_name" varchar(30) NOT NULL, "email" varchar(254) NOT NULL, "is_staff" bool NOT NULL, "is_active" bool NOT NULL, "date_joined" datetime NOT NULL, "last_login" datetime NULL);
INSERT INTO "auth_user" VALUES(1,'pbkdf2_sha256$20000$mJfKZRBMV5DL$dxtyoOqzwyGrDAi06UC3s2eWqjSFuyYlU2F3tUqTexs=',1,'admin','','','',1,1,'2015-06-21 12:45:27.073009','2015-06-22 14:13:06.910983');
INSERT INTO "auth_user" VALUES(3,'pbkdf2_sha256$20000$aK1gCH1FlkYM$hxtt9HARHo53sXgFPlDl9uoIktI0LoLYvdQW0xbR7+I=',0,'daria','','','',0,1,'2015-06-22 09:28:37.707495','2015-06-22 14:01:11.267645');
INSERT INTO "auth_user" VALUES(6,'1234',0,'user','Den','Funt','',0,1,'2015-06-22 11:27:00.119980',NULL);
CREATE TABLE "django_session" ("session_key" varchar(40) NOT NULL PRIMARY KEY, "session_data" text NOT NULL, "expire_date" datetime NOT NULL);
INSERT INTO "django_session" VALUES('8jk8pn7cohodi3bocldlfoeicre1j19v','YjkxMWY2MjAwMzQ2YTNhMDE4OTBhMjZjNjJmY2Y1ZmRiN2E4ZmNlYzp7fQ==','2015-07-05 12:47:37.344669');
INSERT INTO "django_session" VALUES('1axtqmrw94fqz3dv42e2aa88pp78kt4f','YzUzZTBjMjQ2M2U0MjVlMWQ5OWE1OWNhZmRhNjhhNGMzODMwMWI4ZDp7Il9hdXRoX3VzZXJfaGFzaCI6ImRlMTg2ZDNmMzFjMzY2ZmNkMDk5YTdiOGM1YjQyYWI1MjY5M2UxNDgiLCJfYXV0aF91c2VyX2JhY2tlbmQiOiJkamFuZ28uY29udHJpYi5hdXRoLmJhY2tlbmRzLk1vZGVsQmFja2VuZCIsIl9hdXRoX3VzZXJfaWQiOiIxIn0=','2015-07-06 14:13:07.070886');
CREATE TABLE "note_colorsnotes" ("id" integer NOT NULL PRIMARY KEY AUTOINCREMENT, "code" varchar(7) NOT NULL);
INSERT INTO "note_colorsnotes" VALUES(1,'#ffffff');
INSERT INTO "note_colorsnotes" VALUES(2,'#ffa2a2');
INSERT INTO "note_colorsnotes" VALUES(3,'#fff948');
CREATE TABLE "note_labelsnotes" ("id" integer NOT NULL PRIMARY KEY AUTOINCREMENT, "lable" varchar(100) NOT NULL);
INSERT INTO "note_labelsnotes" VALUES(1,'#cleantheroom');
CREATE TABLE "note_medianotes" ("id" integer NOT NULL PRIMARY KEY AUTOINCREMENT, "media" varchar(100) NULL);
CREATE TABLE "note_note" ("id" integer NOT NULL PRIMARY KEY AUTOINCREMENT, "name" varchar(30) NOT NULL, "text" varchar(400) NOT NULL, "color_id" integer NOT NULL REFERENCES "note_colorsnotes" ("id"), "user_id" integer NOT NULL REFERENCES "auth_user" ("id"));
INSERT INTO "note_note" VALUES(1,'Test','test test',1,3);
INSERT INTO "note_note" VALUES(2,'Test1','test test',2,1);
CREATE TABLE "note_note_category" ("id" integer NOT NULL PRIMARY KEY AUTOINCREMENT, "note_id" integer NOT NULL REFERENCES "note_note" ("id"), "categoriesnotes_id" integer NOT NULL REFERENCES "note_categoriesnotes" ("id"), UNIQUE ("note_id", "categoriesnotes_id"));
INSERT INTO "note_note_category" VALUES(1,1,3);
INSERT INTO "note_note_category" VALUES(2,2,2);
CREATE TABLE "note_note_lable" ("id" integer NOT NULL PRIMARY KEY AUTOINCREMENT, "note_id" integer NOT NULL REFERENCES "note_note" ("id"), "labelsnotes_id" integer NOT NULL REFERENCES "note_labelsnotes" ("id"), UNIQUE ("note_id", "labelsnotes_id"));
INSERT INTO "note_note_lable" VALUES(1,1,1);
INSERT INTO "note_note_lable" VALUES(2,2,1);
CREATE TABLE "note_note_media" ("id" integer NOT NULL PRIMARY KEY AUTOINCREMENT, "note_id" integer NOT NULL REFERENCES "note_note" ("id"), "medianotes_id" integer NOT NULL REFERENCES "note_medianotes" ("id"), UNIQUE ("note_id", "medianotes_id"));
CREATE TABLE "page_page" ("id" integer NOT NULL PRIMARY KEY AUTOINCREMENT, "active" bool NOT NULL, "title" varchar(200) NOT NULL, "slug" varchar(150) NOT NULL, "parent_id" integer NULL REFERENCES "page_page" ("id"), "in_navigation" bool NOT NULL, "override_url" varchar(255) NOT NULL, "redirect_to" varchar(255) NOT NULL, "_cached_url" varchar(255) NOT NULL, "lft" integer unsigned NOT NULL, "rght" integer unsigned NOT NULL, "tree_id" integer unsigned NOT NULL, "level" integer unsigned NOT NULL);
CREATE TABLE "medialibrary_category" ("id" integer NOT NULL PRIMARY KEY AUTOINCREMENT, "title" varchar(200) NOT NULL, "parent_id" integer NULL REFERENCES "medialibrary_category" ("id"), "slug" varchar(150) NOT NULL);
CREATE TABLE "medialibrary_mediafile" ("id" integer NOT NULL PRIMARY KEY AUTOINCREMENT, "file" varchar(255) NOT NULL, "type" varchar(12) NOT NULL, "created" datetime NOT NULL, "copyright" varchar(200) NOT NULL, "file_size" integer NULL);
CREATE TABLE "medialibrary_mediafile_categories" ("id" integer NOT NULL PRIMARY KEY AUTOINCREMENT, "mediafile_id" integer NOT NULL REFERENCES "medialibrary_mediafile" ("id"), "category_id" integer NOT NULL REFERENCES "medialibrary_category" ("id"), UNIQUE ("mediafile_id", "category_id"));
CREATE TABLE "medialibrary_mediafiletranslation" ("id" integer NOT NULL PRIMARY KEY AUTOINCREMENT, "parent_id" integer NOT NULL REFERENCES "medialibrary_mediafile" ("id"), "language_code" varchar(10) NOT NULL, "caption" varchar(200) NOT NULL, "description" text NOT NULL, UNIQUE ("parent_id", "language_code"));
CREATE TABLE "note_categoriesnotes" ("id" integer NOT NULL PRIMARY KEY AUTOINCREMENT, "name" varchar(50) NOT NULL UNIQUE, "lft" integer unsigned NOT NULL, "rght" integer unsigned NOT NULL, "tree_id" integer unsigned NOT NULL, "level" integer unsigned NOT NULL, "parent_id" integer NULL REFERENCES "note_categoriesnotes" ("id"));
INSERT INTO "note_categoriesnotes" VALUES(1,'Home',1,6,1,0,NULL);
INSERT INTO "note_categoriesnotes" VALUES(2,'wash',2,3,1,1,1);
INSERT INTO "note_categoriesnotes" VALUES(3,'clean',4,5,1,1,1);
CREATE TABLE "authtoken_token" ("key" varchar(40) NOT NULL PRIMARY KEY, "created" datetime NOT NULL, "user_id" integer NOT NULL UNIQUE REFERENCES "auth_user" ("id"));
DELETE FROM sqlite_sequence;
INSERT INTO "sqlite_sequence" VALUES('django_migrations',15);
INSERT INTO "sqlite_sequence" VALUES('django_content_type',26);
INSERT INTO "sqlite_sequence" VALUES('auth_permission',78);
INSERT INTO "sqlite_sequence" VALUES('auth_user',6);
INSERT INTO "sqlite_sequence" VALUES('django_admin_log',11);
INSERT INTO "sqlite_sequence" VALUES('note_categoriesnotes',3);
INSERT INTO "sqlite_sequence" VALUES('note_colorsnotes',3);
INSERT INTO "sqlite_sequence" VALUES('note_labelsnotes',1);
INSERT INTO "sqlite_sequence" VALUES('note_note',2);
INSERT INTO "sqlite_sequence" VALUES('note_note_category',2);
INSERT INTO "sqlite_sequence" VALUES('note_note_lable',2);
CREATE INDEX "djkombu_message_46cf0e59" ON "djkombu_message" ("visible");
CREATE INDEX "djkombu_message_df2f2974" ON "djkombu_message" ("sent_at");
CREATE INDEX "djkombu_message_75249aa1" ON "djkombu_message" ("queue_id");
CREATE INDEX "celery_taskmeta_662f707d" ON "celery_taskmeta" ("hidden");
CREATE INDEX "celery_tasksetmeta_662f707d" ON "celery_tasksetmeta" ("hidden");
CREATE INDEX "djcelery_periodictask_1dcd7040" ON "djcelery_periodictask" ("interval_id");
CREATE INDEX "djcelery_periodictask_f3f0d72a" ON "djcelery_periodictask" ("crontab_id");
CREATE INDEX "djcelery_workerstate_f129901a" ON "djcelery_workerstate" ("last_heartbeat");
CREATE INDEX "djcelery_taskstate_9ed39e2e" ON "djcelery_taskstate" ("state");
CREATE INDEX "djcelery_taskstate_b068931c" ON "djcelery_taskstate" ("name");
CREATE INDEX "djcelery_taskstate_863bb2ee" ON "djcelery_taskstate" ("tstamp");
CREATE INDEX "djcelery_taskstate_ce77e6ef" ON "djcelery_taskstate" ("worker_id");
CREATE INDEX "djcelery_taskstate_662f707d" ON "djcelery_taskstate" ("hidden");
CREATE INDEX "auth_group_permissions_0e939a4f" ON "auth_group_permissions" ("group_id");
CREATE INDEX "auth_group_permissions_8373b171" ON "auth_group_permissions" ("permission_id");
CREATE INDEX "auth_user_groups_e8701ad4" ON "auth_user_groups" ("user_id");
CREATE INDEX "auth_user_groups_0e939a4f" ON "auth_user_groups" ("group_id");
CREATE INDEX "auth_user_user_permissions_e8701ad4" ON "auth_user_user_permissions" ("user_id");
CREATE INDEX "auth_user_user_permissions_8373b171" ON "auth_user_user_permissions" ("permission_id");
CREATE INDEX "django_admin_log_417f1b1c" ON "django_admin_log" ("content_type_id");
CREATE INDEX "django_admin_log_e8701ad4" ON "django_admin_log" ("user_id");
CREATE INDEX "auth_permission_417f1b1c" ON "auth_permission" ("content_type_id");
CREATE INDEX "django_session_de54fa62" ON "django_session" ("expire_date");
CREATE INDEX "note_note_399a0583" ON "note_note" ("color_id");
CREATE INDEX "note_note_e8701ad4" ON "note_note" ("user_id");
CREATE INDEX "note_note_category_2115813b" ON "note_note_category" ("note_id");
CREATE INDEX "note_note_category_a1dd9ce7" ON "note_note_category" ("categoriesnotes_id");
CREATE INDEX "note_note_lable_2115813b" ON "note_note_lable" ("note_id");
CREATE INDEX "note_note_lable_dd4e0441" ON "note_note_lable" ("labelsnotes_id");
CREATE INDEX "note_note_media_2115813b" ON "note_note_media" ("note_id");
CREATE INDEX "note_note_media_bbbe0a04" ON "note_note_media" ("medianotes_id");
CREATE INDEX "page_page_2dbcba41" ON "page_page" ("slug");
CREATE INDEX "page_page_6be37982" ON "page_page" ("parent_id");
CREATE INDEX "page_page_f2efa396" ON "page_page" ("_cached_url");
CREATE INDEX "page_page_caf7cc51" ON "page_page" ("lft");
CREATE INDEX "page_page_3cfbd988" ON "page_page" ("rght");
CREATE INDEX "page_page_656442a0" ON "page_page" ("tree_id");
CREATE INDEX "page_page_c9e9a848" ON "page_page" ("level");
CREATE INDEX "medialibrary_category_6be37982" ON "medialibrary_category" ("parent_id");
CREATE INDEX "medialibrary_category_2dbcba41" ON "medialibrary_category" ("slug");
CREATE INDEX "medialibrary_mediafile_categories_55b34dc5" ON "medialibrary_mediafile_categories" ("mediafile_id");
CREATE INDEX "medialibrary_mediafile_categories_b583a629" ON "medialibrary_mediafile_categories" ("category_id");
CREATE INDEX "medialibrary_mediafiletranslation_6be37982" ON "medialibrary_mediafiletranslation" ("parent_id");
CREATE INDEX "note_categoriesnotes_caf7cc51" ON "note_categoriesnotes" ("lft");
CREATE INDEX "note_categoriesnotes_3cfbd988" ON "note_categoriesnotes" ("rght");
CREATE INDEX "note_categoriesnotes_656442a0" ON "note_categoriesnotes" ("tree_id");
CREATE INDEX "note_categoriesnotes_c9e9a848" ON "note_categoriesnotes" ("level");
CREATE INDEX "note_categoriesnotes_6be37982" ON "note_categoriesnotes" ("parent_id");
COMMIT;
